{"cameraMode":{"drawMode":0,"name":"Shaded","section":"Shading Mode"},"sceneLighting":true,"audioPlay":false,"sceneViewState":{"m_AlwaysRefresh":false,"showFog":true,"showSkybox":true,"showFlares":true,"showImageEffects":true,"showParticleSystems":true,"showVisualEffectGraphs":true,"m_FxEnabled":true},"in2DMode":false,"pivot":{"x":0.12343716621398926,"y":10.520744323730469,"z":-0.09384727478027344},"rotation":{"x":-0.0015066448831930757,"y":0.9314384460449219,"z":-0.3637487590312958,"w":-0.004260451532900333},"size":4.492604732513428,"orthographic":false}