{"cameraMode":{"drawMode":0,"name":"Shaded","section":"Shading Mode"},"sceneLighting":true,"audioPlay":false,"sceneViewState":{"m_AlwaysRefresh":false,"showFog":true,"showSkybox":true,"showFlares":true,"showImageEffects":true,"showParticleSystems":true,"showVisualEffectGraphs":true,"m_FxEnabled":true},"in2DMode":false,"pivot":{"x":-0.8226568698883057,"y":-0.5943499803543091,"z":-0.7565392255783081},"rotation":{"x":0.06293554604053498,"y":0.9361094832420349,"z":-0.22196030616760255,"w":0.26543736457824709},"size":1.207395076751709,"orthographic":false}