{"cameraMode":{"drawMode":0,"name":"Shaded","section":"Shading Mode"},"sceneLighting":true,"audioPlay":false,"sceneViewState":{"m_AlwaysRefresh":false,"showFog":true,"showSkybox":true,"showFlares":true,"showImageEffects":true,"showParticleSystems":true,"showVisualEffectGraphs":true,"m_FxEnabled":true},"in2DMode":false,"pivot":{"x":4.594934940338135,"y":46.98670196533203,"z":-11.29764461517334},"rotation":{"x":0.6672527194023132,"y":0.004429006949067116,"z":-0.0045342654921114449,"w":0.7443950772285461},"size":0.8645844459533691,"orthographic":false}