{"cameraMode":{"drawMode":0,"name":"Shaded","section":"Shading Mode"},"sceneLighting":true,"audioPlay":false,"sceneViewState":{"m_AlwaysRefresh":true,"showFog":true,"showSkybox":true,"showFlares":true,"showImageEffects":true,"showParticleSystems":true,"showVisualEffectGraphs":true,"m_FxEnabled":true},"in2DMode":false,"pivot":{"x":363.02105712890627,"y":284.00225830078127,"z":-100.59144592285156},"rotation":{"x":-0.11195331811904907,"y":0.00595891522243619,"z":0.0006636426551267505,"w":0.9937004446983337},"size":354.0470275878906,"orthographic":false}