{"cameraMode":{"drawMode":0,"name":"Shaded","section":"Shading Mode"},"sceneLighting":true,"audioPlay":false,"sceneViewState":{"m_AlwaysRefresh":true,"showFog":true,"showSkybox":true,"showFlares":true,"showImageEffects":true,"showParticleSystems":true,"showVisualEffectGraphs":true,"m_FxEnabled":true},"in2DMode":false,"pivot":{"x":-24.284820556640626,"y":897.3255615234375,"z":-24.984466552734376},"rotation":{"x":0.14927344024181367,"y":-0.2478049397468567,"z":0.03865131363272667,"w":0.9564778208732605},"size":172.0164337158203,"orthographic":false}