{"cameraMode":{"drawMode":0,"name":"Shaded","section":"Shading Mode"},"sceneLighting":true,"audioPlay":false,"sceneViewState":{"m_AlwaysRefresh":true,"showFog":true,"showSkybox":true,"showFlares":true,"showImageEffects":true,"showParticleSystems":true,"showVisualEffectGraphs":true,"m_FxEnabled":true},"in2DMode":false,"pivot":{"x":350.85906982421877,"y":94.5669174194336,"z":-44.82005310058594},"rotation":{"x":0.024303298443555833,"y":-0.019497524946928026,"z":0.00046636437764391303,"w":0.9995200634002686},"size":354.0470275878906,"orthographic":false}