{"cameraMode":{"drawMode":0,"name":"Shaded","section":"Shading Mode"},"sceneLighting":true,"audioPlay":false,"sceneViewState":{"m_AlwaysRefresh":false,"showFog":true,"showSkybox":true,"showFlares":true,"showImageEffects":true,"showParticleSystems":true,"showVisualEffectGraphs":true,"m_FxEnabled":true},"in2DMode":false,"pivot":{"x":823.1591186523438,"y":478.8272705078125,"z":-370.7178649902344},"rotation":{"x":-0.07899963110685349,"y":-0.05231690779328346,"z":-0.0041549550369381908,"w":0.9955050945281982},"size":234.66893005371095,"orthographic":false}