{"cameraMode":{"drawMode":0,"name":"Shaded","section":"Shading Mode"},"sceneLighting":false,"audioPlay":false,"sceneViewState":{"m_AlwaysRefresh":false,"showFog":true,"showSkybox":false,"showFlares":true,"showImageEffects":true,"showParticleSystems":true,"showVisualEffectGraphs":true,"m_FxEnabled":true},"in2DMode":false,"pivot":{"x":-0.22912636399269105,"y":-0.37028756737709048,"z":0.2633936405181885},"rotation":{"x":-0.16025418043136598,"y":0.25164708495140078,"z":-0.04326324909925461,"w":-0.95317143201828},"size":0.7141428589820862,"orthographic":false}