{"cameraMode":{"drawMode":0,"name":"Shaded","section":"Shading Mode"},"sceneLighting":false,"audioPlay":false,"sceneViewState":{"m_AlwaysRefresh":false,"showFog":true,"showSkybox":false,"showFlares":true,"showImageEffects":true,"showParticleSystems":true,"showVisualEffectGraphs":true,"m_FxEnabled":true},"in2DMode":false,"pivot":{"x":-0.20381763577461244,"y":-0.1821277141571045,"z":0.4604170322418213},"rotation":{"x":0.1673048734664917,"y":-0.18916285037994386,"z":0.03242774307727814,"w":0.9667260646820068},"size":0.7141428589820862,"orthographic":false}