{"cameraMode":{"drawMode":0,"name":"Shaded","section":"Shading Mode"},"sceneLighting":false,"audioPlay":false,"sceneViewState":{"m_AlwaysRefresh":false,"showFog":true,"showSkybox":false,"showFlares":true,"showImageEffects":true,"showParticleSystems":true,"showVisualEffectGraphs":true,"m_FxEnabled":true},"in2DMode":false,"pivot":{"x":0.028616052120923997,"y":1.2240855693817139,"z":-1.3035832643508912},"rotation":{"x":0.39268356561660769,"y":-0.023264311254024507,"z":0.009609915316104889,"w":0.9189926981925964},"size":0.7141428589820862,"orthographic":false}